PRAGMA foreign_keys=OFF;
BEGIN TRANSACTION;
CREATE TABLE IF NOT EXISTS "django_migrations" ("id" integer NOT NULL PRIMARY KEY AUTOINCREMENT, "app" varchar(255) NOT NULL, "name" varchar(255) NOT NULL, "applied" datetime NOT NULL);
INSERT INTO django_migrations VALUES(1,'contenttypes','0001_initial','2024-01-21 18:44:08.149809');
INSERT INTO django_migrations VALUES(2,'auth','0001_initial','2024-01-21 18:44:08.155777');
INSERT INTO django_migrations VALUES(3,'admin','0001_initial','2024-01-21 18:44:08.159334');
INSERT INTO django_migrations VALUES(4,'admin','0002_logentry_remove_auto_add','2024-01-21 18:44:08.163579');
INSERT INTO django_migrations VALUES(5,'admin','0003_logentry_add_action_flag_choices','2024-01-21 18:44:08.166453');
INSERT INTO django_migrations VALUES(6,'contenttypes','0002_remove_content_type_name','2024-01-21 18:44:08.179487');
INSERT INTO django_migrations VALUES(7,'auth','0002_alter_permission_name_max_length','2024-01-21 18:44:08.183393');
INSERT INTO django_migrations VALUES(8,'auth','0003_alter_user_email_max_length','2024-01-21 18:44:08.187258');
INSERT INTO django_migrations VALUES(9,'auth','0004_alter_user_username_opts','2024-01-21 18:44:08.189930');
INSERT INTO django_migrations VALUES(10,'auth','0005_alter_user_last_login_null','2024-01-21 18:44:08.193792');
INSERT INTO django_migrations VALUES(11,'auth','0006_require_contenttypes_0002','2024-01-21 18:44:08.194308');
INSERT INTO django_migrations VALUES(12,'auth','0007_alter_validators_add_error_messages','2024-01-21 18:44:08.196562');
INSERT INTO django_migrations VALUES(13,'auth','0008_alter_user_username_max_length','2024-01-21 18:44:08.200223');
INSERT INTO django_migrations VALUES(14,'auth','0009_alter_user_last_name_max_length','2024-01-21 18:44:08.204943');
INSERT INTO django_migrations VALUES(15,'auth','0010_alter_group_name_max_length','2024-01-21 18:44:08.209303');
INSERT INTO django_migrations VALUES(16,'auth','0011_update_proxy_permissions','2024-01-21 18:44:08.211793');
INSERT INTO django_migrations VALUES(17,'auth','0012_alter_user_first_name_max_length','2024-01-21 18:44:08.215600');
INSERT INTO django_migrations VALUES(18,'sessions','0001_initial','2024-01-21 18:44:08.217049');
INSERT INTO django_migrations VALUES(19,'products','0001_initial','2024-01-21 18:44:28.535312');
INSERT INTO django_migrations VALUES(20,'products','0002_alter_owner_journey_alter_release_journey_and_more','2024-01-21 18:50:06.071994');
INSERT INTO django_migrations VALUES(21,'products','0003_remove_vendor_journey_alter_version_journeys_and_more','2024-01-21 19:46:45.803169');
INSERT INTO django_migrations VALUES(22,'products','0004_alter_vendor_journey','2024-01-21 19:46:45.815286');
INSERT INTO django_migrations VALUES(23,'products','0005_remove_owner_journey_remove_team_journey_and_more','2024-01-21 19:50:45.303394');
INSERT INTO django_migrations VALUES(24,'products','0006_rename_owner_assignee_project_delete_valuestream','2024-01-22 07:06:25.062244');
INSERT INTO django_migrations VALUES(25,'products','0007_rename_journey_assignee_journeys_and_more','2024-01-22 07:20:23.795917');
CREATE TABLE IF NOT EXISTS "auth_group_permissions" ("id" integer NOT NULL PRIMARY KEY AUTOINCREMENT, "group_id" integer NOT NULL REFERENCES "auth_group" ("id") DEFERRABLE INITIALLY DEFERRED, "permission_id" integer NOT NULL REFERENCES "auth_permission" ("id") DEFERRABLE INITIALLY DEFERRED);
CREATE TABLE IF NOT EXISTS "auth_user_groups" ("id" integer NOT NULL PRIMARY KEY AUTOINCREMENT, "user_id" integer NOT NULL REFERENCES "auth_user" ("id") DEFERRABLE INITIALLY DEFERRED, "group_id" integer NOT NULL REFERENCES "auth_group" ("id") DEFERRABLE INITIALLY DEFERRED);
CREATE TABLE IF NOT EXISTS "auth_user_user_permissions" ("id" integer NOT NULL PRIMARY KEY AUTOINCREMENT, "user_id" integer NOT NULL REFERENCES "auth_user" ("id") DEFERRABLE INITIALLY DEFERRED, "permission_id" integer NOT NULL REFERENCES "auth_permission" ("id") DEFERRABLE INITIALLY DEFERRED);
CREATE TABLE IF NOT EXISTS "django_admin_log" ("id" integer NOT NULL PRIMARY KEY AUTOINCREMENT, "object_id" text NULL, "object_repr" varchar(200) NOT NULL, "action_flag" smallint unsigned NOT NULL CHECK ("action_flag" >= 0), "change_message" text NOT NULL, "content_type_id" integer NULL REFERENCES "django_content_type" ("id") DEFERRABLE INITIALLY DEFERRED, "user_id" integer NOT NULL REFERENCES "auth_user" ("id") DEFERRABLE INITIALLY DEFERRED, "action_time" datetime NOT NULL);
INSERT INTO django_admin_log VALUES(1,'1','Twilio',1,'[{"added": {}}]',15,1,'2024-01-21 18:50:37.634027');
INSERT INTO django_admin_log VALUES(2,'2','Codat',1,'[{"added": {}}]',15,1,'2024-01-21 18:50:54.306836');
INSERT INTO django_admin_log VALUES(3,'3','Yodel',1,'[{"added": {}}]',15,1,'2024-01-21 18:51:20.486105');
INSERT INTO django_admin_log VALUES(4,'1','2023.12',1,'[{"added": {}}]',9,1,'2024-01-21 18:51:29.882467');
INSERT INTO django_admin_log VALUES(5,'2','2023.11',1,'[{"added": {}}]',9,1,'2024-01-21 18:51:40.645099');
INSERT INTO django_admin_log VALUES(6,'3','2023.10',1,'[{"added": {}}]',9,1,'2024-01-21 18:51:48.480872');
INSERT INTO django_admin_log VALUES(7,'1','Digital Lending',1,'[{"added": {}}]',13,1,'2024-01-21 18:52:04.131366');
INSERT INTO django_admin_log VALUES(8,'2','Digital Engage',1,'[{"added": {}}]',13,1,'2024-01-21 18:52:12.712395');
INSERT INTO django_admin_log VALUES(9,'1','DL - Platinum',1,'[{"added": {}}]',11,1,'2024-01-21 18:52:26.294055');
INSERT INTO django_admin_log VALUES(10,'2','DL - Iron',1,'[{"added": {}}]',11,1,'2024-01-21 18:52:33.482604');
INSERT INTO django_admin_log VALUES(11,'1','Owner object (1)',1,'[{"added": {}}]',7,1,'2024-01-21 18:52:45.058067');
INSERT INTO django_admin_log VALUES(12,'2','Paul',1,'[{"added": {}}]',7,1,'2024-01-21 18:53:02.090658');
INSERT INTO django_admin_log VALUES(13,'1','Accounting Import',1,'[{"added": {}}]',8,1,'2024-01-21 18:54:47.630104');
INSERT INTO django_admin_log VALUES(14,'1','Accounting Import::Accounting data gathering',1,'[{"added": {}}]',14,1,'2024-01-21 18:55:15.124094');
INSERT INTO django_admin_log VALUES(15,'2','Accounting Import::Balance sheet',1,'[{"added": {}}]',14,1,'2024-01-21 18:55:43.687647');
INSERT INTO django_admin_log VALUES(16,'1','Accounting data gathering-Log in to account software provider',1,'[{"added": {}}]',12,1,'2024-01-21 18:56:16.261177');
INSERT INTO django_admin_log VALUES(17,'2','Balance sheet-Import company balance sheet',1,'[{"added": {}}]',12,1,'2024-01-21 18:56:34.032014');
INSERT INTO django_admin_log VALUES(18,'3','Balance sheet-Save company balance sheet data in in Case Data Store',1,'[{"added": {}}]',12,1,'2024-01-21 18:56:49.527352');
INSERT INTO django_admin_log VALUES(19,'2','Codat',2,'[{"changed": {"fields": ["Journey"]}}]',15,1,'2024-01-21 19:31:29.779018');
INSERT INTO django_admin_log VALUES(20,'3','Yodel',2,'[]',15,1,'2024-01-21 19:40:30.247038');
INSERT INTO django_admin_log VALUES(21,'3','Yodlee',2,'[{"changed": {"fields": ["Name"]}}]',15,1,'2024-01-21 19:40:41.018417');
INSERT INTO django_admin_log VALUES(22,'2','Account Verification & Transaction Import',1,'[{"added": {}}]',8,1,'2024-01-21 19:41:58.760845');
INSERT INTO django_admin_log VALUES(23,'2','Codat',2,'[{"changed": {"fields": ["Journey"]}}]',15,1,'2024-01-21 19:47:22.240318');
INSERT INTO django_admin_log VALUES(24,'2','DL - Iron',2,'[{"changed": {"fields": ["Journey"]}}]',11,1,'2024-01-21 19:51:00.750422');
INSERT INTO django_admin_log VALUES(25,'1','Digital Lending',1,'[{"added": {}}]',16,1,'2024-01-22 07:11:52.694976');
INSERT INTO django_admin_log VALUES(26,'2','Digital Engage',1,'[{"added": {}}]',16,1,'2024-01-22 07:12:06.899902');
INSERT INTO django_admin_log VALUES(27,'1','Digital Lending',2,'[{"changed": {"fields": ["Journey"]}}]',16,1,'2024-01-22 07:12:17.865292');
CREATE TABLE IF NOT EXISTS "django_content_type" ("id" integer NOT NULL PRIMARY KEY AUTOINCREMENT, "app_label" varchar(100) NOT NULL, "model" varchar(100) NOT NULL);
INSERT INTO django_content_type VALUES(1,'admin','logentry');
INSERT INTO django_content_type VALUES(2,'auth','permission');
INSERT INTO django_content_type VALUES(3,'auth','group');
INSERT INTO django_content_type VALUES(4,'auth','user');
INSERT INTO django_content_type VALUES(5,'contenttypes','contenttype');
INSERT INTO django_content_type VALUES(6,'sessions','session');
INSERT INTO django_content_type VALUES(7,'products','assignee');
INSERT INTO django_content_type VALUES(8,'products','journey');
INSERT INTO django_content_type VALUES(9,'products','version');
INSERT INTO django_content_type VALUES(10,'products','release');
INSERT INTO django_content_type VALUES(11,'products','team');
INSERT INTO django_content_type VALUES(12,'products','subfeature');
INSERT INTO django_content_type VALUES(13,'products','valuestream');
INSERT INTO django_content_type VALUES(14,'products','feature');
INSERT INTO django_content_type VALUES(15,'products','vendor');
INSERT INTO django_content_type VALUES(16,'products','project');
CREATE TABLE IF NOT EXISTS "auth_permission" ("id" integer NOT NULL PRIMARY KEY AUTOINCREMENT, "content_type_id" integer NOT NULL REFERENCES "django_content_type" ("id") DEFERRABLE INITIALLY DEFERRED, "codename" varchar(100) NOT NULL, "name" varchar(255) NOT NULL);
INSERT INTO auth_permission VALUES(1,1,'add_logentry','Can add log entry');
INSERT INTO auth_permission VALUES(2,1,'change_logentry','Can change log entry');
INSERT INTO auth_permission VALUES(3,1,'delete_logentry','Can delete log entry');
INSERT INTO auth_permission VALUES(4,1,'view_logentry','Can view log entry');
INSERT INTO auth_permission VALUES(5,2,'add_permission','Can add permission');
INSERT INTO auth_permission VALUES(6,2,'change_permission','Can change permission');
INSERT INTO auth_permission VALUES(7,2,'delete_permission','Can delete permission');
INSERT INTO auth_permission VALUES(8,2,'view_permission','Can view permission');
INSERT INTO auth_permission VALUES(9,3,'add_group','Can add group');
INSERT INTO auth_permission VALUES(10,3,'change_group','Can change group');
INSERT INTO auth_permission VALUES(11,3,'delete_group','Can delete group');
INSERT INTO auth_permission VALUES(12,3,'view_group','Can view group');
INSERT INTO auth_permission VALUES(13,4,'add_user','Can add user');
INSERT INTO auth_permission VALUES(14,4,'change_user','Can change user');
INSERT INTO auth_permission VALUES(15,4,'delete_user','Can delete user');
INSERT INTO auth_permission VALUES(16,4,'view_user','Can view user');
INSERT INTO auth_permission VALUES(17,5,'add_contenttype','Can add content type');
INSERT INTO auth_permission VALUES(18,5,'change_contenttype','Can change content type');
INSERT INTO auth_permission VALUES(19,5,'delete_contenttype','Can delete content type');
INSERT INTO auth_permission VALUES(20,5,'view_contenttype','Can view content type');
INSERT INTO auth_permission VALUES(21,6,'add_session','Can add session');
INSERT INTO auth_permission VALUES(22,6,'change_session','Can change session');
INSERT INTO auth_permission VALUES(23,6,'delete_session','Can delete session');
INSERT INTO auth_permission VALUES(24,6,'view_session','Can view session');
INSERT INTO auth_permission VALUES(25,7,'add_owner','Can add owner');
INSERT INTO auth_permission VALUES(26,7,'change_owner','Can change owner');
INSERT INTO auth_permission VALUES(27,7,'delete_owner','Can delete owner');
INSERT INTO auth_permission VALUES(28,7,'view_owner','Can view owner');
INSERT INTO auth_permission VALUES(29,8,'add_journey','Can add journey');
INSERT INTO auth_permission VALUES(30,8,'change_journey','Can change journey');
INSERT INTO auth_permission VALUES(31,8,'delete_journey','Can delete journey');
INSERT INTO auth_permission VALUES(32,8,'view_journey','Can view journey');
INSERT INTO auth_permission VALUES(33,9,'add_version','Can add version');
INSERT INTO auth_permission VALUES(34,9,'change_version','Can change version');
INSERT INTO auth_permission VALUES(35,9,'delete_version','Can delete version');
INSERT INTO auth_permission VALUES(36,9,'view_version','Can view version');
INSERT INTO auth_permission VALUES(37,10,'add_release','Can add release');
INSERT INTO auth_permission VALUES(38,10,'change_release','Can change release');
INSERT INTO auth_permission VALUES(39,10,'delete_release','Can delete release');
INSERT INTO auth_permission VALUES(40,10,'view_release','Can view release');
INSERT INTO auth_permission VALUES(41,11,'add_team','Can add team');
INSERT INTO auth_permission VALUES(42,11,'change_team','Can change team');
INSERT INTO auth_permission VALUES(43,11,'delete_team','Can delete team');
INSERT INTO auth_permission VALUES(44,11,'view_team','Can view team');
INSERT INTO auth_permission VALUES(45,12,'add_subfeature','Can add sub feature');
INSERT INTO auth_permission VALUES(46,12,'change_subfeature','Can change sub feature');
INSERT INTO auth_permission VALUES(47,12,'delete_subfeature','Can delete sub feature');
INSERT INTO auth_permission VALUES(48,12,'view_subfeature','Can view sub feature');
INSERT INTO auth_permission VALUES(49,13,'add_valuestream','Can add value stream');
INSERT INTO auth_permission VALUES(50,13,'change_valuestream','Can change value stream');
INSERT INTO auth_permission VALUES(51,13,'delete_valuestream','Can delete value stream');
INSERT INTO auth_permission VALUES(52,13,'view_valuestream','Can view value stream');
INSERT INTO auth_permission VALUES(53,14,'add_feature','Can add feature');
INSERT INTO auth_permission VALUES(54,14,'change_feature','Can change feature');
INSERT INTO auth_permission VALUES(55,14,'delete_feature','Can delete feature');
INSERT INTO auth_permission VALUES(56,14,'view_feature','Can view feature');
INSERT INTO auth_permission VALUES(57,15,'add_vendor','Can add vendor');
INSERT INTO auth_permission VALUES(58,15,'change_vendor','Can change vendor');
INSERT INTO auth_permission VALUES(59,15,'delete_vendor','Can delete vendor');
INSERT INTO auth_permission VALUES(60,15,'view_vendor','Can view vendor');
INSERT INTO auth_permission VALUES(61,7,'add_assignee','Can add assignee');
INSERT INTO auth_permission VALUES(62,7,'change_assignee','Can change assignee');
INSERT INTO auth_permission VALUES(63,7,'delete_assignee','Can delete assignee');
INSERT INTO auth_permission VALUES(64,7,'view_assignee','Can view assignee');
INSERT INTO auth_permission VALUES(65,16,'add_project','Can add project');
INSERT INTO auth_permission VALUES(66,16,'change_project','Can change project');
INSERT INTO auth_permission VALUES(67,16,'delete_project','Can delete project');
INSERT INTO auth_permission VALUES(68,16,'view_project','Can view project');
CREATE TABLE IF NOT EXISTS "auth_group" ("id" integer NOT NULL PRIMARY KEY AUTOINCREMENT, "name" varchar(150) NOT NULL UNIQUE);
CREATE TABLE IF NOT EXISTS "auth_user" ("id" integer NOT NULL PRIMARY KEY AUTOINCREMENT, "password" varchar(128) NOT NULL, "last_login" datetime NULL, "is_superuser" bool NOT NULL, "username" varchar(150) NOT NULL UNIQUE, "last_name" varchar(150) NOT NULL, "email" varchar(254) NOT NULL, "is_staff" bool NOT NULL, "is_active" bool NOT NULL, "date_joined" datetime NOT NULL, "first_name" varchar(150) NOT NULL);
INSERT INTO auth_user VALUES(1,'pbkdf2_sha256$720000$eTnRXoF9wDrP5ruAf36JbL$LArOT1iRuo+GsJyLRNt3AGRoi1/BX0LO+Kf2aoi6+OM=','2024-01-21 18:44:47.215028',1,'admin','','admin@example.com',1,1,'2024-01-21 18:44:21.761313','');
CREATE TABLE IF NOT EXISTS "django_session" ("session_key" varchar(40) NOT NULL PRIMARY KEY, "session_data" text NOT NULL, "expire_date" datetime NOT NULL);
INSERT INTO django_session VALUES('ofj0ko0haw3kxlib1lxmr8zevx0bap6a','.eJxVjDsOwyAQBe9CHSG-xqRM7zOg3QWCkwgkY1dR7h5bcpG0b2bemwXY1hK2npYwR3Zlkl1-NwR6pnqA-IB6b5xaXZcZ-aHwk3Y-tZhet9P9OyjQy16blKJzQiKgHrzXQvusBEkNoxqsRsjGoHQAcdcsuiwFxDxaIq2IlGSfL-EiOBk:1rRcoJ:oFybz9db-EP8IHrZHZ3s7giZOSXZCbdXGbabyK4ME9c','2024-02-04 18:44:47.215898');
CREATE TABLE IF NOT EXISTS "products_journey" ("id" integer NOT NULL PRIMARY KEY AUTOINCREMENT, "name" varchar(200) NOT NULL, "pub_date" datetime NOT NULL, "family" varchar(20) NOT NULL);
INSERT INTO products_journey VALUES(1,'Accounting Import','2024-01-21 18:54:20','web, mobile');
INSERT INTO products_journey VALUES(2,'Account Verification & Transaction Import','2024-01-21 19:41:52','web, mobile');
CREATE TABLE IF NOT EXISTS "products_feature" ("id" integer NOT NULL PRIMARY KEY AUTOINCREMENT, "name" varchar(200) NOT NULL, "modelbank" bool NOT NULL, "journey_id" bigint NOT NULL REFERENCES "products_journey" ("id") DEFERRABLE INITIALLY DEFERRED);
INSERT INTO products_feature VALUES(1,'Accounting data gathering',0,1);
INSERT INTO products_feature VALUES(2,'Balance sheet',0,1);
CREATE TABLE IF NOT EXISTS "products_subfeature" ("id" integer NOT NULL PRIMARY KEY AUTOINCREMENT, "name" varchar(200) NOT NULL, "feature_id" bigint NOT NULL REFERENCES "products_feature" ("id") DEFERRABLE INITIALLY DEFERRED);
INSERT INTO products_subfeature VALUES(1,'Log in to account software provider',1);
INSERT INTO products_subfeature VALUES(2,'Import company balance sheet',2);
INSERT INTO products_subfeature VALUES(3,'Save company balance sheet data in in Case Data Store',2);
CREATE TABLE IF NOT EXISTS "products_version" ("id" integer NOT NULL PRIMARY KEY AUTOINCREMENT, "name" varchar(200) NOT NULL);
INSERT INTO products_version VALUES(1,'2023.12');
INSERT INTO products_version VALUES(2,'2023.11');
INSERT INTO products_version VALUES(3,'2023.10');
CREATE TABLE IF NOT EXISTS "products_release" ("id" integer NOT NULL PRIMARY KEY AUTOINCREMENT, "release_date" date NOT NULL, "journey_id" bigint NULL REFERENCES "products_journey" ("id") DEFERRABLE INITIALLY DEFERRED, "version_id" bigint NULL REFERENCES "products_version" ("id") DEFERRABLE INITIALLY DEFERRED);
CREATE TABLE IF NOT EXISTS "products_vendor" ("id" integer NOT NULL PRIMARY KEY AUTOINCREMENT, "name" varchar(200) NOT NULL);
INSERT INTO products_vendor VALUES(1,'Twilio');
INSERT INTO products_vendor VALUES(2,'Codat');
INSERT INTO products_vendor VALUES(3,'Yodlee');
CREATE TABLE IF NOT EXISTS "products_assignee" ("id" integer NOT NULL PRIMARY KEY AUTOINCREMENT, "name" varchar(200) NOT NULL);
INSERT INTO products_assignee VALUES(1,'Soumen');
INSERT INTO products_assignee VALUES(2,'Paul');
CREATE TABLE IF NOT EXISTS "products_team" ("id" integer NOT NULL PRIMARY KEY AUTOINCREMENT, "name" varchar(50) NOT NULL);
INSERT INTO products_team VALUES(1,'DL - Platinum');
INSERT INTO products_team VALUES(2,'DL - Iron');
CREATE TABLE IF NOT EXISTS "products_project" ("id" integer NOT NULL PRIMARY KEY AUTOINCREMENT, "name" varchar(200) NOT NULL, "key" varchar(20) NOT NULL, "counter" integer NOT NULL);
INSERT INTO products_project VALUES(1,'Digital Lending','DL',1);
INSERT INTO products_project VALUES(2,'Digital Engage','DE',1);
CREATE TABLE IF NOT EXISTS "products_assignee_journeys" ("id" integer NOT NULL PRIMARY KEY AUTOINCREMENT, "assignee_id" bigint NOT NULL REFERENCES "products_assignee" ("id") DEFERRABLE INITIALLY DEFERRED, "journey_id" bigint NOT NULL REFERENCES "products_journey" ("id") DEFERRABLE INITIALLY DEFERRED);
CREATE TABLE IF NOT EXISTS "products_project_journeys" ("id" integer NOT NULL PRIMARY KEY AUTOINCREMENT, "project_id" bigint NOT NULL REFERENCES "products_project" ("id") DEFERRABLE INITIALLY DEFERRED, "journey_id" bigint NOT NULL REFERENCES "products_journey" ("id") DEFERRABLE INITIALLY DEFERRED);
INSERT INTO products_project_journeys VALUES(1,1,1);
INSERT INTO products_project_journeys VALUES(2,1,2);
CREATE TABLE IF NOT EXISTS "products_team_journeys" ("id" integer NOT NULL PRIMARY KEY AUTOINCREMENT, "team_id" bigint NOT NULL REFERENCES "products_team" ("id") DEFERRABLE INITIALLY DEFERRED, "journey_id" bigint NOT NULL REFERENCES "products_journey" ("id") DEFERRABLE INITIALLY DEFERRED);
INSERT INTO products_team_journeys VALUES(1,2,1);
CREATE TABLE IF NOT EXISTS "products_vendor_journeys" ("id" integer NOT NULL PRIMARY KEY AUTOINCREMENT, "vendor_id" bigint NOT NULL REFERENCES "products_vendor" ("id") DEFERRABLE INITIALLY DEFERRED, "journey_id" bigint NOT NULL REFERENCES "products_journey" ("id") DEFERRABLE INITIALLY DEFERRED);
INSERT INTO products_vendor_journeys VALUES(1,2,1);
INSERT INTO products_vendor_journeys VALUES(2,2,2);
DELETE FROM sqlite_sequence;
INSERT INTO sqlite_sequence VALUES('django_migrations',25);
INSERT INTO sqlite_sequence VALUES('django_admin_log',27);
INSERT INTO sqlite_sequence VALUES('django_content_type',16);
INSERT INTO sqlite_sequence VALUES('auth_permission',68);
INSERT INTO sqlite_sequence VALUES('auth_group',0);
INSERT INTO sqlite_sequence VALUES('auth_user',1);
INSERT INTO sqlite_sequence VALUES('products_release',0);
INSERT INTO sqlite_sequence VALUES('products_version',3);
INSERT INTO sqlite_sequence VALUES('products_journey',2);
INSERT INTO sqlite_sequence VALUES('products_feature',2);
INSERT INTO sqlite_sequence VALUES('products_subfeature',3);
INSERT INTO sqlite_sequence VALUES('products_vendor',3);
INSERT INTO sqlite_sequence VALUES('products_assignee',2);
INSERT INTO sqlite_sequence VALUES('products_team',2);
INSERT INTO sqlite_sequence VALUES('products_project',2);
INSERT INTO sqlite_sequence VALUES('products_assignee_journeys',0);
INSERT INTO sqlite_sequence VALUES('products_project_journeys',2);
INSERT INTO sqlite_sequence VALUES('products_team_journeys',1);
INSERT INTO sqlite_sequence VALUES('products_vendor_journeys',2);
CREATE UNIQUE INDEX "auth_group_permissions_group_id_permission_id_0cd325b0_uniq" ON "auth_group_permissions" ("group_id", "permission_id");
CREATE INDEX "auth_group_permissions_group_id_b120cbf9" ON "auth_group_permissions" ("group_id");
CREATE INDEX "auth_group_permissions_permission_id_84c5c92e" ON "auth_group_permissions" ("permission_id");
CREATE UNIQUE INDEX "auth_user_groups_user_id_group_id_94350c0c_uniq" ON "auth_user_groups" ("user_id", "group_id");
CREATE INDEX "auth_user_groups_user_id_6a12ed8b" ON "auth_user_groups" ("user_id");
CREATE INDEX "auth_user_groups_group_id_97559544" ON "auth_user_groups" ("group_id");
CREATE UNIQUE INDEX "auth_user_user_permissions_user_id_permission_id_14a6b632_uniq" ON "auth_user_user_permissions" ("user_id", "permission_id");
CREATE INDEX "auth_user_user_permissions_user_id_a95ead1b" ON "auth_user_user_permissions" ("user_id");
CREATE INDEX "auth_user_user_permissions_permission_id_1fbb5f2c" ON "auth_user_user_permissions" ("permission_id");
CREATE INDEX "django_admin_log_content_type_id_c4bce8eb" ON "django_admin_log" ("content_type_id");
CREATE INDEX "django_admin_log_user_id_c564eba6" ON "django_admin_log" ("user_id");
CREATE UNIQUE INDEX "django_content_type_app_label_model_76bd3d3b_uniq" ON "django_content_type" ("app_label", "model");
CREATE UNIQUE INDEX "auth_permission_content_type_id_codename_01ab375a_uniq" ON "auth_permission" ("content_type_id", "codename");
CREATE INDEX "auth_permission_content_type_id_2f476e4b" ON "auth_permission" ("content_type_id");
CREATE INDEX "django_session_expire_date_a5c62663" ON "django_session" ("expire_date");
CREATE INDEX "products_feature_journey_id_e328aeb4" ON "products_feature" ("journey_id");
CREATE INDEX "products_subfeature_feature_id_ad57cfc9" ON "products_subfeature" ("feature_id");
CREATE INDEX "products_release_journey_id_67d126f1" ON "products_release" ("journey_id");
CREATE INDEX "products_release_version_id_80066f51" ON "products_release" ("version_id");
CREATE UNIQUE INDEX "products_assignee_journeys_assignee_id_journey_id_48d52fb0_uniq" ON "products_assignee_journeys" ("assignee_id", "journey_id");
CREATE INDEX "products_assignee_journeys_assignee_id_2409c284" ON "products_assignee_journeys" ("assignee_id");
CREATE INDEX "products_assignee_journeys_journey_id_9a099f00" ON "products_assignee_journeys" ("journey_id");
CREATE UNIQUE INDEX "products_project_journeys_project_id_journey_id_36d56f90_uniq" ON "products_project_journeys" ("project_id", "journey_id");
CREATE INDEX "products_project_journeys_project_id_a11aa031" ON "products_project_journeys" ("project_id");
CREATE INDEX "products_project_journeys_journey_id_bf37c820" ON "products_project_journeys" ("journey_id");
CREATE UNIQUE INDEX "products_team_journeys_team_id_journey_id_024f1abb_uniq" ON "products_team_journeys" ("team_id", "journey_id");
CREATE INDEX "products_team_journeys_team_id_dc87fb63" ON "products_team_journeys" ("team_id");
CREATE INDEX "products_team_journeys_journey_id_0e5d484a" ON "products_team_journeys" ("journey_id");
CREATE UNIQUE INDEX "products_vendor_journeys_vendor_id_journey_id_37d4571d_uniq" ON "products_vendor_journeys" ("vendor_id", "journey_id");
CREATE INDEX "products_vendor_journeys_vendor_id_1e33ceb3" ON "products_vendor_journeys" ("vendor_id");
CREATE INDEX "products_vendor_journeys_journey_id_b59ec8cd" ON "products_vendor_journeys" ("journey_id");
COMMIT;
